instruction,output,text
Generate a satire about societal trends.,"In the modern society, keeping up with the latest trends has become the most important thing. People now have the tendency to buy the latest gadgets and wear the newest clothes in order to be seen as ""on trend"". Even activities that are traditionally seen as boring, like reading books, have become a fashion in order to appear more interesting. This is simply another way of keeping up with the Joneses.","Below is an instruction that describes a task. Write a response that appropriately completes the request.

### Instruction:
Generate a satire about societal trends.

### Response:
In the modern society, keeping up with the latest trends has become the most important thing. People now have the tendency to buy the latest gadgets and wear the newest clothes in order to be seen as ""on trend"". Even activities that are traditionally seen as boring, like reading books, have become a fashion in order to appear more interesting. This is simply another way of keeping up with the Joneses."
Compare and contrast printed newspapers and online news outlets.,"Printed newspapers and online news outlets have many similarities and differences. On the one hand, both varieties provide the same type of content — news — to the same types of audiences. However, there are key distinctions between these two media formats. Printed newspapers are typically delivered daily and offer a more in-depth analysis from reporters, whereas online news outlets are updated in near real-time and are often more opinion-focused. Printed newspapers are often offered for free or for a low subscription fee, whereas online news outlets tend to be free, ad-supported operations. Additionally, printed newspapers tend to follow a broader geographic area, while online news outlets tend to focus on specific regions, cities, and topics.","Below is an instruction that describes a task. Write a response that appropriately completes the request.

### Instruction:
Compare and contrast printed newspapers and online news outlets.

### Response:
Printed newspapers and online news outlets have many similarities and differences. On the one hand, both varieties provide the same type of content — news — to the same types of audiences. However, there are key distinctions between these two media formats. Printed newspapers are typically delivered daily and offer a more in-depth analysis from reporters, whereas online news outlets are updated in near real-time and are often more opinion-focused. Printed newspapers are often offered for free or for a low subscription fee, whereas online news outlets tend to be free, ad-supported operations. Additionally, printed newspapers tend to follow a broader geographic area, while online news outlets tend to focus on specific regions, cities, and topics."
Give me a haiku that describes the beauty of nature.,"Vast mountains rise up
Silent forests, full of life
Beauty of nature.","Below is an instruction that describes a task. Write a response that appropriately completes the request.

### Instruction:
Give me a haiku that describes the beauty of nature.

### Response:
Vast mountains rise up
Silent forests, full of life
Beauty of nature."
Design an experiment to test for Boyle's law.,"The simplest experiment to demonstrate Boyle's law is to fill an enclosed container, such as a balloon, with a gas and measure the pressure inside the container at different volumes. To perform the experiment, one would fill the container with gas, measure the pressure at different volumes, and then plot the data on a graph. This experiment should show that the pressure is inversely proportional to the volume.","Below is an instruction that describes a task. Write a response that appropriately completes the request.

### Instruction:
Design an experiment to test for Boyle's law.

### Response:
The simplest experiment to demonstrate Boyle's law is to fill an enclosed container, such as a balloon, with a gas and measure the pressure inside the container at different volumes. To perform the experiment, one would fill the container with gas, measure the pressure at different volumes, and then plot the data on a graph. This experiment should show that the pressure is inversely proportional to the volume."
Suggest five ways to optimize a web page for SEO.,"1. Ensure your website is using the latest version of HTML and CSS.
2. Include keywords in titles and headings on pages, as well as in content.
3. Incorporate SEO-friendly URLs that include keywords.
4. Optimize your images with keyword-rich alt text and titles.
5. Implement a link building strategy to get other websites to link to your content.","Below is an instruction that describes a task. Write a response that appropriately completes the request.

### Instruction:
Suggest five ways to optimize a web page for SEO.

### Response:
1. Ensure your website is using the latest version of HTML and CSS.
2. Include keywords in titles and headings on pages, as well as in content.
3. Incorporate SEO-friendly URLs that include keywords.
4. Optimize your images with keyword-rich alt text and titles.
5. Implement a link building strategy to get other websites to link to your content."
Describe the life of a soldier during war.,"Life as a soldier during war is often filled with great challenge, sacrifice, and danger. Soldiers are frequently tasked to take part in risky operations with little to no rest. They must often sleep in harsh conditions with little to no protection. They must face and endure an unrelenting barrage of threats from the enemy, from bullets whistling past to the deafening explosions of bombs. Despite this, soldiers must remain vigilant and brave in order to protect their brothers and sisters in battle. This leads to intense emotional and physical struggles, but their courage and comradeship allows them to overcome immense hardship and remain victorious in the end.","Below is an instruction that describes a task. Write a response that appropriately completes the request.

### Instruction:
Describe the life of a soldier during war.

### Response:
Life as a soldier during war is often filled with great challenge, sacrifice, and danger. Soldiers are frequently tasked to take part in risky operations with little to no rest. They must often sleep in harsh conditions with little to no protection. They must face and endure an unrelenting barrage of threats from the enemy, from bullets whistling past to the deafening explosions of bombs. Despite this, soldiers must remain vigilant and brave in order to protect their brothers and sisters in battle. This leads to intense emotional and physical struggles, but their courage and comradeship allows them to overcome immense hardship and remain victorious in the end."
Write a near-future fiction set in the year 2040. Output should be 5 sentences.,"The year 2040 has changed the world forever. Scientists invented artificial intelligence and robotics that can now do the work of a dozen people in half the time. Self-driving cars and flying drones are now commonplace and cities are now green oases compared to the pollution laden cities of the past. New medical opportunities, such as gene editing and cybernetic implants, and made life expectancy over 100 years. But not everyone is happy with the changes, as many once thriving jobs are now gone forever.","Below is an instruction that describes a task. Write a response that appropriately completes the request.

### Instruction:
Write a near-future fiction set in the year 2040. Output should be 5 sentences.

### Response:
The year 2040 has changed the world forever. Scientists invented artificial intelligence and robotics that can now do the work of a dozen people in half the time. Self-driving cars and flying drones are now commonplace and cities are now green oases compared to the pollution laden cities of the past. New medical opportunities, such as gene editing and cybernetic implants, and made life expectancy over 100 years. But not everyone is happy with the changes, as many once thriving jobs are now gone forever."
Generate a job description for a front-end developer.,"The front-end developer is responsible for creating solutions using HTML, CSS and JavaScript. The candidate must have strong problem-solving and communication skills as well as experience with design and development strategies.

The front-end developer should have knowledge of web standards, optimizations, and security best practices. They must also have a deep understanding of HTML and CSS, along with proficiency in JavaScript and related frameworks.

Responsibilities include the development and maintenance of websites, the implementation of designs, and the optimization of user experience. The front-end developer must be able to collaborate and cooperate with team members including designers, backend developers, and project managers.","Below is an instruction that describes a task. Write a response that appropriately completes the request.

### Instruction:
Generate a job description for a front-end developer.

### Response:
The front-end developer is responsible for creating solutions using HTML, CSS and JavaScript. The candidate must have strong problem-solving and communication skills as well as experience with design and development strategies.

The front-end developer should have knowledge of web standards, optimizations, and security best practices. They must also have a deep understanding of HTML and CSS, along with proficiency in JavaScript and related frameworks.

Responsibilities include the development and maintenance of websites, the implementation of designs, and the optimization of user experience. The front-end developer must be able to collaborate and cooperate with team members including designers, backend developers, and project managers."
Describe in one sentence an unforgettable experience you had.,Swimming with dolphins in the crystal clear waters of the Bahamas was an unforgettable experience.,"Below is an instruction that describes a task. Write a response that appropriately completes the request.

### Instruction:
Describe in one sentence an unforgettable experience you had.

### Response:
Swimming with dolphins in the crystal clear waters of the Bahamas was an unforgettable experience."
Generate a persuasive argument for using renewable sources of energy.,"Using renewable sources of energy is essential for the future of our planet. Renewable sources of energy are much cleaner and more sustainable than non-renewable sources, and can help reduce greenhouse gas emissions and slow the effects of climate change. Renewable energy sources are also usually cheaper in the long run and can create more jobs than non-renewable sources, providing a boost to local economies.","Below is an instruction that describes a task. Write a response that appropriately completes the request.

### Instruction:
Generate a persuasive argument for using renewable sources of energy.

### Response:
Using renewable sources of energy is essential for the future of our planet. Renewable sources of energy are much cleaner and more sustainable than non-renewable sources, and can help reduce greenhouse gas emissions and slow the effects of climate change. Renewable energy sources are also usually cheaper in the long run and can create more jobs than non-renewable sources, providing a boost to local economies."
Generate a recipe for gumbo,"Ingredients:
1 tablespoon of vegetable oil
2 onions, chopped
3 cloves of garlic, chopped
1 green bell pepper, chopped
1 red bell pepper, chopped
1 stalk of celery, chopped
½ teaspoon kosher salt
½ teaspoon freshly ground black pepper
1 teaspoon paprika
1 teaspoon dried thyme
1 teaspoon cayenne pepper
2 tablespoons of all-purpose flour
2 cups chicken broth
1 (14.5 ounce) can diced tomatoes
2 cups cooked and diced chicken
2 cups cooked andouille sausage
1 (10 ounce) package sliced okra
Hot cooked white rice

Instructions:

1. Heat oil in a large pot over medium heat.
2. Add onions, garlic, bell peppers, celery, salt, pepper, paprika, thyme and cayenne pepper.  Cook, stirring occasionally, until vegetables are softened, about 10 minutes.
3. Add flour and stir until lightly browned, about 2 minutes.
4. Add broth, tomatoes and bring to a boil.
5. Add chicken and sausage, reduce heat to low and simmer for 15 minutes
6. Add okra and cook an additional 10 minutes.
7. Serve over hot cooked rice.  Enjoy!","Below is an instruction that describes a task. Write a response that appropriately completes the request.

### Instruction:
Generate a recipe for gumbo

### Response:
Ingredients:
1 tablespoon of vegetable oil
2 onions, chopped
3 cloves of garlic, chopped
1 green bell pepper, chopped
1 red bell pepper, chopped
1 stalk of celery, chopped
½ teaspoon kosher salt
½ teaspoon freshly ground black pepper
1 teaspoon paprika
1 teaspoon dried thyme
1 teaspoon cayenne pepper
2 tablespoons of all-purpose flour
2 cups chicken broth
1 (14.5 ounce) can diced tomatoes
2 cups cooked and diced chicken
2 cups cooked andouille sausage
1 (10 ounce) package sliced okra
Hot cooked white rice

Instructions:

1. Heat oil in a large pot over medium heat.
2. Add onions, garlic, bell peppers, celery, salt, pepper, paprika, thyme and cayenne pepper.  Cook, stirring occasionally, until vegetables are softened, about 10 minutes.
3. Add flour and stir until lightly browned, about 2 minutes.
4. Add broth, tomatoes and bring to a boil.
5. Add chicken and sausage, reduce heat to low and simmer for 15 minutes
6. Add okra and cook an additional 10 minutes.
7. Serve over hot cooked rice.  Enjoy!"
Identify 10 factors that contribute to global warming.,"Ten factors that contribute to global warming are:
1. Deforestation
2. Fossil fuel combustion
3. Urbanization
4. Methane emissions from livestock
5. Burning of plastic and rubber
6. Industrial production
7. Changes in land use
8. Aerosols and air pollutants
9. Ozone depletion
10. Greenland ice sheet melting.","Below is an instruction that describes a task. Write a response that appropriately completes the request.

### Instruction:
Identify 10 factors that contribute to global warming.

### Response:
Ten factors that contribute to global warming are:
1. Deforestation
2. Fossil fuel combustion
3. Urbanization
4. Methane emissions from livestock
5. Burning of plastic and rubber
6. Industrial production
7. Changes in land use
8. Aerosols and air pollutants
9. Ozone depletion
10. Greenland ice sheet melting."
Write a proposal for a fundraising event for Covid-19 relief,"We propose to host a virtual charity concert, inviting artists from around the world to perform on a special platform, with proceeds from donation-based ticket sales going towards global Covid-19 relief.","Below is an instruction that describes a task. Write a response that appropriately completes the request.

### Instruction:
Write a proposal for a fundraising event for Covid-19 relief

### Response:
We propose to host a virtual charity concert, inviting artists from around the world to perform on a special platform, with proceeds from donation-based ticket sales going towards global Covid-19 relief."
Write an algorithm to implement a binary search tree.,"def insert(node, data):
    # If the tree is empty, return a new node
    if node is None:
        return Node(data)

    # Otherwise, recur down the tree
    if data < node.data:
        node.left = insert(node.left, data)
    else:
        node.right = insert(node.right, data)

    # return the (unchanged) node pointer
    return node

# Function to search a given data
def search(node, data):

    # Base Case: if root is None or key is present at root
    if node is None or node.data == data:
        return node

    # Key is greater than root's key
    if node.data < data:
        return search(node.right, data)

    # Key is smaller than root's key
    return search(node.left, data)","Below is an instruction that describes a task. Write a response that appropriately completes the request.

### Instruction:
Write an algorithm to implement a binary search tree.

### Response:
def insert(node, data):
    # If the tree is empty, return a new node
    if node is None:
        return Node(data)

    # Otherwise, recur down the tree
    if data < node.data:
        node.left = insert(node.left, data)
    else:
        node.right = insert(node.right, data)

    # return the (unchanged) node pointer
    return node

# Function to search a given data
def search(node, data):

    # Base Case: if root is None or key is present at root
    if node is None or node.data == data:
        return node

    # Key is greater than root's key
    if node.data < data:
        return search(node.right, data)

    # Key is smaller than root's key
    return search(node.left, data)"
"Find the definition of ""proof of concept"".",A proof of concept (POC) is a prototype or an experiment to validate that a certain idea or concept has potential to be developed into a technology solution. It is a proof of feasibility that demonstrates the potential of a technology solution and its expected outcome.,"Below is an instruction that describes a task. Write a response that appropriately completes the request.

### Instruction:
Find the definition of ""proof of concept"".

### Response:
A proof of concept (POC) is a prototype or an experiment to validate that a certain idea or concept has potential to be developed into a technology solution. It is a proof of feasibility that demonstrates the potential of a technology solution and its expected outcome."
Give three specific tips to improve your resume,"Three tips to improve your resume are to tailor it to the job you're applying for, use clear and concise language to highlight your experience and achievements, and incorporate relevant keywords that match the job description. Additionally, make sure the format is easy to read, use an appropriate font size, and focus on transferable skills.","Below is an instruction that describes a task. Write a response that appropriately completes the request.

### Instruction:
Give three specific tips to improve your resume

### Response:
Three tips to improve your resume are to tailor it to the job you're applying for, use clear and concise language to highlight your experience and achievements, and incorporate relevant keywords that match the job description. Additionally, make sure the format is easy to read, use an appropriate font size, and focus on transferable skills."
Outline strategies for reducing air pollution.,Some strategies for reducing air pollution include: implementing stricter regulations on industrial and power plants to reduce emissions; incentivizing energy efficiency and renewable energy sources; promoting public transportation and electric vehicles; reducing and improving standards for fuel efficiency of cars; and introducing better waste management systems and encouraging waste reduction.,"Below is an instruction that describes a task. Write a response that appropriately completes the request.

### Instruction:
Outline strategies for reducing air pollution.

### Response:
Some strategies for reducing air pollution include: implementing stricter regulations on industrial and power plants to reduce emissions; incentivizing energy efficiency and renewable energy sources; promoting public transportation and electric vehicles; reducing and improving standards for fuel efficiency of cars; and introducing better waste management systems and encouraging waste reduction."
Propose an example of how a company can use Machine Learning for optimization.,"A company can use Machine Learning for optimization by leveraging predictive analytics. For instance, a company with an e-commerce platform can use Machine Learning to identify patterns in customer purchasing behavior to make more accurate predictions about future orders. By understanding customer trends, the company can optimize their delivery, supply chain and marketing strategies to better serve customer needs and increase profits.","Below is an instruction that describes a task. Write a response that appropriately completes the request.

### Instruction:
Propose an example of how a company can use Machine Learning for optimization.

### Response:
A company can use Machine Learning for optimization by leveraging predictive analytics. For instance, a company with an e-commerce platform can use Machine Learning to identify patterns in customer purchasing behavior to make more accurate predictions about future orders. By understanding customer trends, the company can optimize their delivery, supply chain and marketing strategies to better serve customer needs and increase profits."
List 5 ways to improve working conditions in an office.,"1. Increase communication between management and employees.
2. Monitor workspace temperature and keep it comfortable.
3. Provide ergonomic chairs and desks for increased comfort.
4. Allow for flexible working hours and remote working options.
5. Offer incentives and rewards for hard work.","Below is an instruction that describes a task. Write a response that appropriately completes the request.

### Instruction:
List 5 ways to improve working conditions in an office.

### Response:
1. Increase communication between management and employees.
2. Monitor workspace temperature and keep it comfortable.
3. Provide ergonomic chairs and desks for increased comfort.
4. Allow for flexible working hours and remote working options.
5. Offer incentives and rewards for hard work."
Explain the costs associated with owning a pet.,"Owning a pet comes with many costs, both upfront and ongoing. Upfront costs for a pet can include the purchase price if you buy it from a breeder or adopt it from an animal rescue, medical examinations and treatments (vaccines, spay/neuter surgeries, etc.), food and litter, and supplies such as a carrier, bed, and toys. Ongoing costs can include veterinary check-ups and treatments, food, pet insurance, training classes, grooming, and boarding when travelling. Additionally, unexpected costs such as emergency veterinary visits can arise at any time.","Below is an instruction that describes a task. Write a response that appropriately completes the request.

### Instruction:
Explain the costs associated with owning a pet.

### Response:
Owning a pet comes with many costs, both upfront and ongoing. Upfront costs for a pet can include the purchase price if you buy it from a breeder or adopt it from an animal rescue, medical examinations and treatments (vaccines, spay/neuter surgeries, etc.), food and litter, and supplies such as a carrier, bed, and toys. Ongoing costs can include veterinary check-ups and treatments, food, pet insurance, training classes, grooming, and boarding when travelling. Additionally, unexpected costs such as emergency veterinary visits can arise at any time."
Identify how it is wrong to use social media network.,"It is wrong to use social media networks in a variety of ways. One important example is that it can be used to spread misinformation or engage in malicious activities such as cyberbullying. It can also threaten users' privacy and security, as malicious actors are constantly trying to access personal information. Additionally, the use of social media networks can consume large amounts of time and energy, leading to a lack of productive focus or work-life balance. Finally, it can be unhealthy for users psychologically as it can encourage feelings of anxiety, depression, or comparison.","Below is an instruction that describes a task. Write a response that appropriately completes the request.

### Instruction:
Identify how it is wrong to use social media network.

### Response:
It is wrong to use social media networks in a variety of ways. One important example is that it can be used to spread misinformation or engage in malicious activities such as cyberbullying. It can also threaten users' privacy and security, as malicious actors are constantly trying to access personal information. Additionally, the use of social media networks can consume large amounts of time and energy, leading to a lack of productive focus or work-life balance. Finally, it can be unhealthy for users psychologically as it can encourage feelings of anxiety, depression, or comparison."
Design a game involving two players and explain the rules.,"One game you can play with two players is a game of mental math. The first player thinks of a two or three digit number and then adds, subtracts, multiples or divides it by 2. The second player then must guess the result. Players take turns thinking of numbers and the first person to guess the result correctly wins the round. The first person to win 3 rounds wins the game.","Below is an instruction that describes a task. Write a response that appropriately completes the request.

### Instruction:
Design a game involving two players and explain the rules.

### Response:
One game you can play with two players is a game of mental math. The first player thinks of a two or three digit number and then adds, subtracts, multiples or divides it by 2. The second player then must guess the result. Players take turns thinking of numbers and the first person to guess the result correctly wins the round. The first person to win 3 rounds wins the game."
"Create a code of ethics based on the following values: honesty, respect, fairness and transparency.","We believe that the best way to do business is with honesty, respect, fairness and transparency. We strive to be truthful in all our dealings, to always be respectful of each other and our partners, to treat all persons equally and without prejudice, and to ensure that communication is honest and open. We view our code of ethics as a living extension of these core values, and we pledge to abide by it in all decisions we make.","Below is an instruction that describes a task. Write a response that appropriately completes the request.

### Instruction:
Create a code of ethics based on the following values: honesty, respect, fairness and transparency.

### Response:
We believe that the best way to do business is with honesty, respect, fairness and transparency. We strive to be truthful in all our dealings, to always be respectful of each other and our partners, to treat all persons equally and without prejudice, and to ensure that communication is honest and open. We view our code of ethics as a living extension of these core values, and we pledge to abide by it in all decisions we make."
Provide a list of five action points that can help prevent climate change.,"1. Reduce your energy consumption and switch to renewable energy sources.
2. Plant trees and conserve natural resources.
3. Implement sustainable farming practices.
4. Cut down on the use of plastics and other non-biodegradable materials.
5. Educate and create awareness about the effects of climate change.","Below is an instruction that describes a task. Write a response that appropriately completes the request.

### Instruction:
Provide a list of five action points that can help prevent climate change.

### Response:
1. Reduce your energy consumption and switch to renewable energy sources.
2. Plant trees and conserve natural resources.
3. Implement sustainable farming practices.
4. Cut down on the use of plastics and other non-biodegradable materials.
5. Educate and create awareness about the effects of climate change."
Create a list of ten potential causes of global warming.,"1. Burning of Fossil Fuels – Burning coal, oil, and other fossil fuels releases carbon dioxide, which is a major contributor to global warming.
2. Deforestation – Trees absorb carbon dioxide from the atmosphere and release oxygen, so cutting down trees reduces their ability to reduce CO2 emissions.
3. Industrial Agriculture – The use of chemical fertilizers, pesticides, and other synthetic compounds in industrial agriculture contributes to emissions of greenhouse gases.
4. Methane Release – Methane is a powerful greenhouse gas and is released into the atmosphere through various processes such as cattle farming and landfills.
5. Landfills – Landfills release methane, a powerful greenhouse gas.
6. Aircraft Emissions – Aircraft produce large amounts of carbon dioxide and other emissions, which contribute to global warming.
7. Natural Gas Flaring – Large amounts of natural gas are burned off in the production of oil, releasing more greenhouse gases into the atmosphere.
8. Degradation of Oceans – Over-fishing, coral reef destruction, and other actions are contributing to the destruction of the oceans which are a major component in the Earth’s climate control.
9. Methane Clathrates – Methane Clathrates, or frozen methane deposits, are being released into the atmosphere due to changes in ocean temperatures.
10. Terrestrial Albedo – Natural events like fires, droughts, and deforestation reduce the amount of sunlight reflected off the Earth’s surface, which can contribute to global warming.","Below is an instruction that describes a task. Write a response that appropriately completes the request.

### Instruction:
Create a list of ten potential causes of global warming.

### Response:
1. Burning of Fossil Fuels – Burning coal, oil, and other fossil fuels releases carbon dioxide, which is a major contributor to global warming.
2. Deforestation – Trees absorb carbon dioxide from the atmosphere and release oxygen, so cutting down trees reduces their ability to reduce CO2 emissions.
3. Industrial Agriculture – The use of chemical fertilizers, pesticides, and other synthetic compounds in industrial agriculture contributes to emissions of greenhouse gases.
4. Methane Release – Methane is a powerful greenhouse gas and is released into the atmosphere through various processes such as cattle farming and landfills.
5. Landfills – Landfills release methane, a powerful greenhouse gas.
6. Aircraft Emissions – Aircraft produce large amounts of carbon dioxide and other emissions, which contribute to global warming.
7. Natural Gas Flaring – Large amounts of natural gas are burned off in the production of oil, releasing more greenhouse gases into the atmosphere.
8. Degradation of Oceans – Over-fishing, coral reef destruction, and other actions are contributing to the destruction of the oceans which are a major component in the Earth’s climate control.
9. Methane Clathrates – Methane Clathrates, or frozen methane deposits, are being released into the atmosphere due to changes in ocean temperatures.
10. Terrestrial Albedo – Natural events like fires, droughts, and deforestation reduce the amount of sunlight reflected off the Earth’s surface, which can contribute to global warming."
Describe the role of Data Science in AI-enabled decision making,"Data Science plays an important role in AI-enabled decision making by providing the data and insights that enable AI systems to accurately identify patterns, trends and causal relationships. This allows the AI systems to understand the current context and to predict how an action may affect the outcome. Furthermore, it enables the AI system to better understand how variables are connected and therefore to make better decisions.","Below is an instruction that describes a task. Write a response that appropriately completes the request.

### Instruction:
Describe the role of Data Science in AI-enabled decision making

### Response:
Data Science plays an important role in AI-enabled decision making by providing the data and insights that enable AI systems to accurately identify patterns, trends and causal relationships. This allows the AI systems to understand the current context and to predict how an action may affect the outcome. Furthermore, it enables the AI system to better understand how variables are connected and therefore to make better decisions."
Design a social media post to promote a new product.,"Introducing the new and improved [product name]! Made with the finest materials, this product is perfect for [user need and/or application]. Make sure to check out our website for more information about this great product! #[productname] #[brandname] #newproduct","Below is an instruction that describes a task. Write a response that appropriately completes the request.

### Instruction:
Design a social media post to promote a new product.

### Response:
Introducing the new and improved [product name]! Made with the finest materials, this product is perfect for [user need and/or application]. Make sure to check out our website for more information about this great product! #[productname] #[brandname] #newproduct"
Create a new Twitter hashtag that accurately describes a topic of your choice.,#LivingUnderTheSea - A hashtag for the discussion of the experiences and daily struggles of people who live in submerged settlements or are researching marine life.,"Below is an instruction that describes a task. Write a response that appropriately completes the request.

### Instruction:
Create a new Twitter hashtag that accurately describes a topic of your choice.

### Response:
#LivingUnderTheSea - A hashtag for the discussion of the experiences and daily struggles of people who live in submerged settlements or are researching marine life."
"Translate ""la croissance verte"" into English.","""La croissance verte"" translates to ""Green Growth"" in English.","Below is an instruction that describes a task. Write a response that appropriately completes the request.

### Instruction:
Translate ""la croissance verte"" into English.

### Response:
""La croissance verte"" translates to ""Green Growth"" in English."
Generate five words related to technology.,"Computer, software, network, coding, robotics.","Below is an instruction that describes a task. Write a response that appropriately completes the request.

### Instruction:
Generate five words related to technology.

### Response:
Computer, software, network, coding, robotics."
What is a limit in calculus?,"In calculus, a limit is a fundamental concept which describes the behavior of a function as its input approaches a certain point. Limits are used to establish the continuity and differentiability of functions, and to determine the rate of change of a function at a particular point. They are also a key part of calculus operations such as differentiation and integration.","Below is an instruction that describes a task. Write a response that appropriately completes the request.

### Instruction:
What is a limit in calculus?

### Response:
In calculus, a limit is a fundamental concept which describes the behavior of a function as its input approaches a certain point. Limits are used to establish the continuity and differentiability of functions, and to determine the rate of change of a function at a particular point. They are also a key part of calculus operations such as differentiation and integration."
Give an example of a mission statement for a software development company.,"Our mission is to create high quality software solutions that enable our clients to achieve their business objectives and maximize their competitive advantages. We are committed to providing our customers with flexible, reliable and cost-effective software solutions that enable process optimization and growth.","Below is an instruction that describes a task. Write a response that appropriately completes the request.

### Instruction:
Give an example of a mission statement for a software development company.

### Response:
Our mission is to create high quality software solutions that enable our clients to achieve their business objectives and maximize their competitive advantages. We are committed to providing our customers with flexible, reliable and cost-effective software solutions that enable process optimization and growth."
Write a hypothetical dialogue between two people discussing the effect of technology on communication.,"Person 1: What do you think about technology and its impact on communication?

Person 2: I think technology has been a positive development in terms of communication. It has made communication more accessible and efficient than ever before.

Person 1: Yes, I couldn't agree more. It seems like it has enabled people to communicate over long distances more easily, and with less expensive costs.

Person 2: Exactly! Technology has also made it easier to stay in touch with people in different parts of the world. It's also allowed people to communicate at any time and in any place.

Person 1: Right, technology has really made communication the easiest it has ever been.","Below is an instruction that describes a task. Write a response that appropriately completes the request.

### Instruction:
Write a hypothetical dialogue between two people discussing the effect of technology on communication.

### Response:
Person 1: What do you think about technology and its impact on communication?

Person 2: I think technology has been a positive development in terms of communication. It has made communication more accessible and efficient than ever before.

Person 1: Yes, I couldn't agree more. It seems like it has enabled people to communicate over long distances more easily, and with less expensive costs.

Person 2: Exactly! Technology has also made it easier to stay in touch with people in different parts of the world. It's also allowed people to communicate at any time and in any place.

Person 1: Right, technology has really made communication the easiest it has ever been."
Describe the difference between a natural language model and a GPT language model,"A natural language model is an AI model that is trained on natural language data and can be used to generate meaningful and contextual outputs. A GPT language model, on the other hand, is a type of natural language model that is based on the transformer architecture and is used to generate words and text. Unlike a natural language model, a GPT model does not need to be specifically trained for a task, as it can generate text from raw input data.","Below is an instruction that describes a task. Write a response that appropriately completes the request.

### Instruction:
Describe the difference between a natural language model and a GPT language model

### Response:
A natural language model is an AI model that is trained on natural language data and can be used to generate meaningful and contextual outputs. A GPT language model, on the other hand, is a type of natural language model that is based on the transformer architecture and is used to generate words and text. Unlike a natural language model, a GPT model does not need to be specifically trained for a task, as it can generate text from raw input data."
"Reword this sentence:
I started eating healthier.",I began to follow a healthier diet.,"Below is an instruction that describes a task. Write a response that appropriately completes the request.

### Instruction:
Reword this sentence:
I started eating healthier.

### Response:
I began to follow a healthier diet."
Summarize what type of economic policy is pursued by the United States government.,"The United States government pursues a mixed economic policy, combining elements of both free market capitalism and regulated government intervention. In general, the government provides structure and support to the economy by providing public resources, regulating industries, laws and regulations, welfare programs, and enforcing trade agreements. The overall goal is to ensure economic growth while protecting the interests of consumers, workers, and businesses. The US also allows foreign investment, encourages entrepreneurship through tax incentives, introduces policies to reduce unemployment and poverty, and works to combat income inequality.","Below is an instruction that describes a task. Write a response that appropriately completes the request.

### Instruction:
Summarize what type of economic policy is pursued by the United States government.

### Response:
The United States government pursues a mixed economic policy, combining elements of both free market capitalism and regulated government intervention. In general, the government provides structure and support to the economy by providing public resources, regulating industries, laws and regulations, welfare programs, and enforcing trade agreements. The overall goal is to ensure economic growth while protecting the interests of consumers, workers, and businesses. The US also allows foreign investment, encourages entrepreneurship through tax incentives, introduces policies to reduce unemployment and poverty, and works to combat income inequality."
Create a historical analogy for the current COVID-19 pandemic.,"The COVID-19 pandemic has been likened to a world war, with everyone affected in some way by its impacts of social distancing and financial strain. Just like the world wars of the twentieth century, it has caused disruption on a global level, with nations and individuals alike forced to alter the way they live and interact. It has been an enormously costly and difficult situation for many, and it seems that the only thing we can do is to stay strong, continue to mask up, distance and look ahead to a future free of the virus.","Below is an instruction that describes a task. Write a response that appropriately completes the request.

### Instruction:
Create a historical analogy for the current COVID-19 pandemic.

### Response:
The COVID-19 pandemic has been likened to a world war, with everyone affected in some way by its impacts of social distancing and financial strain. Just like the world wars of the twentieth century, it has caused disruption on a global level, with nations and individuals alike forced to alter the way they live and interact. It has been an enormously costly and difficult situation for many, and it seems that the only thing we can do is to stay strong, continue to mask up, distance and look ahead to a future free of the virus."
"Categorize the following vehicles as slow, moderate, or fast: car, boat, jet","Car: Moderate
Boat: Slow
Jet: Fast","Below is an instruction that describes a task. Write a response that appropriately completes the request.

### Instruction:
Categorize the following vehicles as slow, moderate, or fast: car, boat, jet

### Response:
Car: Moderate
Boat: Slow
Jet: Fast"
Give an example of a work related to literature from the 19th century.,"An example of a work related to literature from the 19th century is Charlotte Bronte's novel ""Jane Eyre"", which was published in 1847.","Below is an instruction that describes a task. Write a response that appropriately completes the request.

### Instruction:
Give an example of a work related to literature from the 19th century.

### Response:
An example of a work related to literature from the 19th century is Charlotte Bronte's novel ""Jane Eyre"", which was published in 1847."
Create a short story about the last day of summer.,"It was the last day of summer and Sam was feeling bittersweet about the end of the season. He had spent most of his time at the beach, soaking in the sun and watching the waves crash on the shore, but now it was time to go back to reality.

Sam was going away to college in the fall and he hadn't said goodbye to all of his friends yet. He packed his things one last time and decided to go to a special spot he had found near the beach. It was a rocky cliff that overlooked the entire coastline and provided the best views of the sunset.

He took in the sight one last time and watched as the day slowly wound down. As the sun disappeared below the horizon, Sam felt a strange calmness wash over him. He knew that no matter what his future held, he had made lots of memories to carry with him; memories that he could look back on, long after the summer had gone.","Below is an instruction that describes a task. Write a response that appropriately completes the request.

### Instruction:
Create a short story about the last day of summer.

### Response:
It was the last day of summer and Sam was feeling bittersweet about the end of the season. He had spent most of his time at the beach, soaking in the sun and watching the waves crash on the shore, but now it was time to go back to reality.

Sam was going away to college in the fall and he hadn't said goodbye to all of his friends yet. He packed his things one last time and decided to go to a special spot he had found near the beach. It was a rocky cliff that overlooked the entire coastline and provided the best views of the sunset.

He took in the sight one last time and watched as the day slowly wound down. As the sun disappeared below the horizon, Sam felt a strange calmness wash over him. He knew that no matter what his future held, he had made lots of memories to carry with him; memories that he could look back on, long after the summer had gone."
Compare and contrast convolutional neural networks with recurrent neural networks.,"Convolutional neural networks (CNNs) and recurrent neural networks (RNNs) are both types of deep learning used for various machine learning tasks such as classification, segmentation, and regression. The main difference between them is the way they process data: CNNs process input data in a spatial manner while RNNs process data in a temporal manner. CNNs are best suited for tasks such as computer vision, while RNNs are best suited for tasks such as natural language processing. Another key difference between CNNs and RNNs is their structure: CNNs have multiple layers of convolutional filters while RNNs have layers of recurrent modules.","Below is an instruction that describes a task. Write a response that appropriately completes the request.

### Instruction:
Compare and contrast convolutional neural networks with recurrent neural networks.

### Response:
Convolutional neural networks (CNNs) and recurrent neural networks (RNNs) are both types of deep learning used for various machine learning tasks such as classification, segmentation, and regression. The main difference between them is the way they process data: CNNs process input data in a spatial manner while RNNs process data in a temporal manner. CNNs are best suited for tasks such as computer vision, while RNNs are best suited for tasks such as natural language processing. Another key difference between CNNs and RNNs is their structure: CNNs have multiple layers of convolutional filters while RNNs have layers of recurrent modules."
Identify a prominent figure in the history of modern China.,"Mao Zedong was a prominent figure in the history of modern China. He was the founder of the People's Republic of China, and was the leader of the Chinese Communist Party for almost 30 years, from 1949 until his death in 1976.","Below is an instruction that describes a task. Write a response that appropriately completes the request.

### Instruction:
Identify a prominent figure in the history of modern China.

### Response:
Mao Zedong was a prominent figure in the history of modern China. He was the founder of the People's Republic of China, and was the leader of the Chinese Communist Party for almost 30 years, from 1949 until his death in 1976."
List three books you would recommend to someone who enjoys science fiction.,"1. The War of the Worlds by H.G. Wells
2. 1984 by George Orwell
3. The Hitchhiker's Guide to the Galaxy by Douglas Adams","Below is an instruction that describes a task. Write a response that appropriately completes the request.

### Instruction:
List three books you would recommend to someone who enjoys science fiction.

### Response:
1. The War of the Worlds by H.G. Wells
2. 1984 by George Orwell
3. The Hitchhiker's Guide to the Galaxy by Douglas Adams"
Generate a list of measurements to take when designing a game character.,"When designing a game character, the following measurements should be taken:
1. Body proportion: The proportions of the characters body from head to toe, including height.
2. Arm and leg length: The length of the characters arms and legs relative to other body parts.
3. Body shape/structure: The overall shape and structure of the character, especially the shoulders and hips.
4. Face dimensions: The size and shape of the characters face, including features such as the eyes, nose and mouth.
5. Hair length: The length of hair touching the shoulders or any other part of the head.
6. Clothing measurement: The dimensions of clothing and armor, such as the size and length of collars, cuffs and fingers.
7. Skeletal structure: The underlying structure of the bones, such as the rib cage, spine, arms and legs.
8. Hand size: The length of the characters fingers and how they relate to other body parts.","Below is an instruction that describes a task. Write a response that appropriately completes the request.

### Instruction:
Generate a list of measurements to take when designing a game character.

### Response:
When designing a game character, the following measurements should be taken:
1. Body proportion: The proportions of the characters body from head to toe, including height.
2. Arm and leg length: The length of the characters arms and legs relative to other body parts.
3. Body shape/structure: The overall shape and structure of the character, especially the shoulders and hips.
4. Face dimensions: The size and shape of the characters face, including features such as the eyes, nose and mouth.
5. Hair length: The length of hair touching the shoulders or any other part of the head.
6. Clothing measurement: The dimensions of clothing and armor, such as the size and length of collars, cuffs and fingers.
7. Skeletal structure: The underlying structure of the bones, such as the rib cage, spine, arms and legs.
8. Hand size: The length of the characters fingers and how they relate to other body parts."
Collect data about smartphone usage by state in the US.,"Data can be collected from surveys, online forums, industry reports, and other sources. Relevant data includes state-specific smartphone ownership and usage statistics, such as the percentage of people who own a smartphone by state, usage trends by age, gender and income, and the most popular operating systems and apps by state.","Below is an instruction that describes a task. Write a response that appropriately completes the request.

### Instruction:
Collect data about smartphone usage by state in the US.

### Response:
Data can be collected from surveys, online forums, industry reports, and other sources. Relevant data includes state-specific smartphone ownership and usage statistics, such as the percentage of people who own a smartphone by state, usage trends by age, gender and income, and the most popular operating systems and apps by state."
Why is it important to save money?,"Saving money is important for many reasons. It serves as a safety net for unexpected expenses and is a critical component of achieving financial security. Saving also allows individuals to obtain future goals that may require a substantial financial investment, such as buying a home or starting a business. In addition, having an emergency fund gives people access to money for needs that may suddenly arise, reducing their reliance on high-interest debt such as credit cards. Saving is also an important part of retirement planning, providing a source of funds to support individuals in their later years.","Below is an instruction that describes a task. Write a response that appropriately completes the request.

### Instruction:
Why is it important to save money?

### Response:
Saving money is important for many reasons. It serves as a safety net for unexpected expenses and is a critical component of achieving financial security. Saving also allows individuals to obtain future goals that may require a substantial financial investment, such as buying a home or starting a business. In addition, having an emergency fund gives people access to money for needs that may suddenly arise, reducing their reliance on high-interest debt such as credit cards. Saving is also an important part of retirement planning, providing a source of funds to support individuals in their later years."
Give 2 examples of disadvantages of factory farming.,Two disadvantages of factory farming are: 1) the amount of pollution it creates due to the large amount of animal waste and 2) the inhumane conditions animals often endure in these settings.,"Below is an instruction that describes a task. Write a response that appropriately completes the request.

### Instruction:
Give 2 examples of disadvantages of factory farming.

### Response:
Two disadvantages of factory farming are: 1) the amount of pollution it creates due to the large amount of animal waste and 2) the inhumane conditions animals often endure in these settings."
Outline two principles for creating effective web pages.,"1. Keep the design simple and easy to navigate: Using too many fonts, colors, and images can be overwhelming for visitors and lead them to leave the page. Make sure to use a clear color palette and stick to one or two fonts. Additionally, the navigation buttons should be easy to find and the link structure should be simple and intuitive.
2. Make the page SEO friendly: SEO stands for Search Engine Optimization and is the practice of optimizing a web page to make it rank higher in search engine results. Make sure the page has understandable headings, quality content, relevant keywords, and high-quality images. Additionally, keep the page mobile friendly as more and more people use their mobile devices to browse the web.","Below is an instruction that describes a task. Write a response that appropriately completes the request.

### Instruction:
Outline two principles for creating effective web pages.

### Response:
1. Keep the design simple and easy to navigate: Using too many fonts, colors, and images can be overwhelming for visitors and lead them to leave the page. Make sure to use a clear color palette and stick to one or two fonts. Additionally, the navigation buttons should be easy to find and the link structure should be simple and intuitive.
2. Make the page SEO friendly: SEO stands for Search Engine Optimization and is the practice of optimizing a web page to make it rank higher in search engine results. Make sure the page has understandable headings, quality content, relevant keywords, and high-quality images. Additionally, keep the page mobile friendly as more and more people use their mobile devices to browse the web."
Provide an example of a poem that involves moon,"I see the moon, and the moon sees me, God bless the moon, and God bless me.","Below is an instruction that describes a task. Write a response that appropriately completes the request.

### Instruction:
Provide an example of a poem that involves moon

### Response:
I see the moon, and the moon sees me, God bless the moon, and God bless me."
Write a function in JavaScript to calculate the sum of a given array of numbers.,"function sumOfArray(arr){
  var sum = 0;
  for(var i=0;i<arr.length;i++){
    sum+=arr[i];
  }
  return sum;
}","Below is an instruction that describes a task. Write a response that appropriately completes the request.

### Instruction:
Write a function in JavaScript to calculate the sum of a given array of numbers.

### Response:
function sumOfArray(arr){
  var sum = 0;
  for(var i=0;i<arr.length;i++){
    sum+=arr[i];
  }
  return sum;
}"
